tipo,nombre,sigla,provincia,activo,notas
obra_social_nacional,Instituto Nacional de Servicios Sociales para Jubilados y Pensionados (PAMI),PAMI,,true,
obra_social_nacional,Obra Social de las Fuerzas Armadas,OSFA,,true,"Creada por DNU 88/2026 en reemplazo de IOSFA (Ejército, Armada y Fuerza Aérea)."
obra_social_nacional,Obra Social de las Fuerzas Federales de Seguridad,OSFFESEG,,true,Creada por DNU 88/2026 en reemplazo de IOSFA (Gendarmería y Prefectura).
obra_social_nacional,Instituto de Obra Social de las Fuerzas Armadas y de Seguridad,IOSFA,,false,En disolución (DNU 88/2026). Afiliados transferidos a OSFA y OSFFESEG.
obra_social_nacional,Obra Social del Poder Judicial de la Nación,OSPJN,,true,
obra_social_nacional,Dirección de Obra Social de la Universidad de Buenos Aires,DOSUBA,,true,
obra_social_nacional,Obra Social de los Empleados de Comercio y Actividades Civiles,OSECAC,,true,
obra_social_nacional,Obra Social del Personal Rural y Estibadores de la República Argentina,OSPRERA,,true,
obra_social_nacional,Obra Social de la Unión Obrera Metalúrgica,OSUOMRA,,true,
obra_social_nacional,Obra Social del Personal de la Construcción,OSPECON,,true,
obra_social_nacional,Obra Social de Mecánicos y Afines del Transporte Automotor,OSMATA,,true,
obra_social_nacional,Obra Social de Choferes de Camiones,OSCHOCA,,true,
obra_social_nacional,Obra Social para la Actividad Docente,OSPLAD,,true,
obra_social_nacional,Obra Social del Personal de la Sanidad Argentina,OSPSA,,true,
obra_social_nacional,Obra Social Bancaria Argentina,OSBA,,true,
obra_social_nacional,Unión Personal (Unión del Personal Civil de la Nación),UP,,true,
obra_social_nacional,Obra Social del Personal de Entidades Deportivas y Civiles,OSPEDYC,,true,
obra_social_nacional,"Obra Social de la Unión de Trabajadores del Turismo, Hoteleros y Gastronómicos",OSUTHGRA,,true,
obra_social_nacional,Obra Social de Petroleros,OSPE,,true,
obra_social_nacional,Obra Social del Personal de la Industria de la Alimentación,OSPIA,,true,
obra_social_nacional,Obra Social del Personal de la Industria Maderera,OSPIM,,true,
obra_social_nacional,Obra Social del Personal de la Industria Textil,OSPIT,,true,
obra_social_nacional,Obra Social del Personal de la Industria del Plástico,OSPIP,,true,
obra_social_nacional,Obra Social del Personal de la Industria Química y Petroquímica,OSPIQYP,,true,
obra_social_nacional,Obra Social del Personal de Edificios de Renta y Horizontal,OSPERYH,,true,
obra_social_nacional,Obra Social de Seguros,OSSEG,,true,
obra_social_nacional,Obra Social del Personal de Telecomunicaciones,OSPETELCO,,true,
obra_social_nacional,Obra Social de la Federación Argentina de Trabajadores de Luz y Fuerza,OSFATLYF,,true,
obra_social_nacional,Obra Social del Personal de Organismos de Control Externo,OSPOCE,,true,
obra_social_nacional,Obra Social Ferroviaria,OSFE,,true,
obra_social_nacional,Obra Social de Conductores de Transporte Colectivo de Pasajeros,OSCTCP,,true,
obra_social_nacional,Obra Social de Viajantes Vendedores de la República Argentina (ANDAR),ANDAR,,true,
obra_social_nacional,Obra Social Luis Pasteur,Luis Pasteur,,true,
obra_social_provincial,Instituto de Obra Médico Asistencial,IOMA,Buenos Aires,true,
obra_social_provincial,Obra Social de la Ciudad de Buenos Aires,ObSBA,CABA,true,
obra_social_provincial,Obra Social de los Empleados Públicos de Catamarca,OSEP,Catamarca,true,
obra_social_provincial,"Instituto de Seguridad Social, Seguros y Préstamos",INSSSEP,Chaco,true,
obra_social_provincial,Servicio Provincial de Obra Social,SEROS,Chubut,true,
obra_social_provincial,Administración Provincial del Seguro de Salud,APROSS,Córdoba,true,
obra_social_provincial,Instituto de Obra Social de Corrientes,IOSCOR,Corrientes,true,
obra_social_provincial,Obra Social de Entre Ríos,OSER,Entre Ríos,true,Reemplazó al IOSPER.
obra_social_provincial,Instituto de Asistencia Social para Empleados Públicos,IASEP,Formosa,true,
obra_social_provincial,Instituto de Seguros de Jujuy,ISJ,Jujuy,true,
obra_social_provincial,SEMPRE,SEMPRE,La Pampa,true,
obra_social_provincial,Administración Provincial de Obra Social,APOS,La Rioja,true,
obra_social_provincial,Obra Social de Empleados Públicos de Mendoza,OSEP,Mendoza,true,
obra_social_provincial,Instituto de Previsión Social de Misiones,IPS,Misiones,true,
obra_social_provincial,Instituto de Seguridad Social del Neuquén,ISSN,Neuquén,true,
obra_social_provincial,Instituto Provincial del Seguro de Salud,IPROSS,Río Negro,true,
obra_social_provincial,Instituto Provincial de Salud de Salta,IPS,Salta,true,
obra_social_provincial,Obra Social Provincia de San Juan,OSP,San Juan,true,
obra_social_provincial,Dirección de Obra Social del Estado Provincial,DOSEP,San Luis,true,
obra_social_provincial,Caja de Servicios Sociales,CSS,Santa Cruz,true,
obra_social_provincial,Instituto Autárquico Provincial de Obra Social,IAPOS,Santa Fe,true,
obra_social_provincial,Instituto de Obra Social del Empleado Provincial,IOSEP,Santiago del Estero,true,
obra_social_provincial,Obra Social del Estado Fueguino,OSEF,Tierra del Fuego,true,
obra_social_provincial,Subsidio de Salud (Instituto de Previsión y Seguridad Social),Subsidio de Salud,Tucumán,true,
prepaga,OSDE,OSDE,,true,
prepaga,Swiss Medical,,,true,
prepaga,Galeno,,,true,
prepaga,Medifé,,,true,
prepaga,Omint,,,true,
prepaga,Sancor Salud,,,true,
prepaga,Prevención Salud,,,true,
prepaga,Avalian,,,true,Ex ACA Salud.
prepaga,Medicus,,,true,
prepaga,Premedic,,,true,
prepaga,Federada Salud,,,true,
prepaga,Jerárquicos Salud,,,true,
prepaga,Accord Salud,,,true,
prepaga,Plan de Salud Hospital Italiano,,,true,
prepaga,Plan Médico Hospital Alemán,,,true,
prepaga,Plan de Salud Hospital Británico,,,true,
prepaga,CEMIC,,,true,
prepaga,La Pequeña Familia,,,true,
prepaga,MET Medicina Privada,,Córdoba,true,
prepaga,Boreal Salud,,Tucumán,true,
otra,Particular (sin cobertura),,,true,Opción para pacientes que abonan la consulta.
